<manifest alg="2" build="2015.0.0.309" opt="false" iceEnabled="true" iceMarkupVersion="2" exportTarget="other" domain="skreamer.co.uk" resolutions="1x" timestamp="1476741235274">
  <folder name="css">
    <file name="site_global.css" crc="459722906"/>
    <file name="index.css" crc="3915468857" ref="index"/>
  </folder>
  <folder name="scripts">
    <file name="jquery-1.8.3.min.js" crc="4255413929" ref="phone>index:tablet>index:index"/>
    <file name="museutils.js" crc="183364071" ref="phone>index:tablet>index:index"/>
    <file name="jquery.watch.js" crc="71412426" ref="phone>index:tablet>index:index"/>
    <file name="webpro.js" crc="3803554875" ref="phone>index:tablet>index:index"/>
    <file name="musewpdisclosure.js" crc="3993616448" ref="phone>index"/>
    <file name="jquery.musepolyfill.bgsize.js" crc="4004268962" ref="phone>index:tablet>index:index"/>
    <file name="pie.js" crc="3827607177" ref="phone>index:tablet>index:index"/>
    <file name="musewpslideshow.js" crc="242596657" ref="phone>index:tablet>index:index"/>
    <file name="jquery.museoverlay.js" crc="493285861" ref="phone>index:tablet>index:index"/>
    <file name="touchswipe.js" crc="4038331989" ref="phone>index:tablet>index:index"/>
    <file name="form_check.php" crc="277267350" ref="phone>index:tablet>index:index"/>
    <file name="form_throttle.php" crc="3908387251" ref="phone>index:tablet>index:index"/>
    <file name="form_process.php" crc="24249335" ref="phone>index:tablet>index:index"/>
    <file name="form-u5447.php" crc="4079224678" ref="phone>index"/>
    <file name="museredirect.js" crc="40941066" ref="tablet>index:index"/>
    <file name="jquery.scrolleffects.js" crc="3860644955" ref="tablet>index:index"/>
    <file name="form-u4329.php" crc="142618678" ref="tablet>index"/>
    <file name="form-u820.php" crc="4051560722" ref="index"/>
  </folder>
  <folder name="images">
    <file name="skreamer-favicon.ico" crc="4004729804" ref="phone>index"/>
    <file name="frenteskreamer.jpg" crc="3762918008" seo="true" ref="phone>index:tablet>index"/>
    <file name="preorder_skreamer.jpg" crc="337221679" seo="true" ref="phone>index:tablet>index:index"/>
    <file name="blank.gif" crc="4208392903" ref="phone>index:tablet>index:index"/>
    <file name="u4518.png" crc="4047059782" ref="phone>index"/>
    <file name="u4518-r.png" crc="4047059782" ref="phone>index"/>
    <file name="u4518-m.png" crc="3806963537" ref="phone>index"/>
    <file name="u4518-a.png" crc="328528106" ref="phone>index"/>
    <file name="facebook_alt.png" crc="3843859465" seo="true" ref="phone>index:tablet>index:index"/>
    <file name="twitter_alt.png" crc="348762309" seo="true" ref="phone>index:tablet>index:index"/>
    <file name="youtube.png" crc="4241863396" seo="true" ref="phone>index:tablet>index:index"/>
    <file name="spotify.png" crc="156884168" seo="true" ref="phone>index:tablet>index:index"/>
    <file name="soundcloud.png" crc="4050069232" seo="true" ref="phone>index:tablet>index:index"/>
    <file name="apple.png" crc="17112296" seo="true" ref="phone>index:tablet>index:index"/>
    <file name="lastfm.png" crc="4175772289" seo="true" ref="phone>index:tablet>index:index"/>
    <file name="download_button.png" crc="4249392233" seo="true" ref="phone>index:tablet>index:index"/>
    <file name="u4563-4.png" crc="218346290" ref="phone>index"/>
    <file name="u4561-4.png" crc="4167618996" ref="phone>index"/>
    <file name="u4564-4.png" crc="62807611" ref="phone>index"/>
    <file name="u4565-4.png" crc="265348985" ref="phone>index"/>
    <file name="u4581-4.png" crc="469070833" ref="phone>index"/>
    <file name="u4582-4.png" crc="267584259" ref="phone>index"/>
    <file name="skreamer_album.gif" crc="353507377" seo="true" ref="phone>index:tablet>index:index"/>
    <file name="skreamer_888_small.jpg" crc="4221816764" ref="phone>index:index"/>
    <file name="skreamer_band_phone.jpg" crc="520724753" ref="phone>index"/>
    <file name="u4559-4.png" crc="436479500" ref="phone>index"/>
    <file name="arrow.png" crc="97989199" seo="true" ref="phone>index:tablet>index"/>
    <file name="u4560-4.png" crc="4118559131" ref="phone>index"/>
    <file name="u4601-4.png" crc="4180679437" ref="phone>index"/>
    <file name="u4603-12.png" crc="122397287" ref="phone>index"/>
    <file name="skreamer_flyer.jpg" crc="3835395578" seo="true" ref="phone>index:tablet>index:index"/>
    <file name="promo_skreamer.jpg" crc="291287945" seo="true" ref="phone>index:tablet>index:index"/>
    <file name="laney.png" crc="4211319552" seo="true" ref="phone>index:tablet>index:index"/>
    <file name="esp.png" crc="236763802" seo="true" ref="phone>index:tablet>index:index"/>
    <file name="ibanez.png" crc="296255930" seo="true" ref="phone>index:tablet>index:index"/>
    <file name="tama.png" crc="88126149" seo="true" ref="phone>index:tablet>index:index"/>
    <file name="u4628-4.png" crc="3798898598" ref="phone>index"/>
    <file name="u4620-4.png" crc="107225717" ref="phone>index"/>
    <file name="u4623.png" crc="510334262" ref="phone>index"/>
    <file name="u4623-r.png" crc="3930606582" ref="phone>index"/>
    <file name="u4623-a.png" crc="4139129554" ref="phone>index"/>
    <file name="u4635-6.png" crc="372536512" ref="phone>index"/>
    <file name="u4632.png" crc="95179565" ref="phone>index"/>
    <file name="u4632-r.png" crc="3911569788" ref="phone>index"/>
    <file name="u4632-a.png" crc="3759044917" ref="phone>index"/>
    <file name="u4645-8.png" crc="459739512" ref="phone>index"/>
    <file name="u4648.png" crc="205886534" ref="phone>index"/>
    <file name="u4648-r.png" crc="285064787" ref="phone>index"/>
    <file name="u4648-a.png" crc="106209212" ref="phone>index"/>
    <file name="u4658-66.png" crc="4145952465" ref="phone>index"/>
    <file name="u4661.png" crc="103304671" ref="phone>index"/>
    <file name="u4661-r.png" crc="3952219748" ref="phone>index"/>
    <file name="u4661-a.png" crc="414106867" ref="phone>index"/>
    <file name="u4671-27.png" crc="4065838180" ref="phone>index"/>
    <file name="u4676.png" crc="3832658481" ref="phone>index"/>
    <file name="u4676-r.png" crc="481842071" ref="phone>index"/>
    <file name="u4676-a.png" crc="3985210206" ref="phone>index"/>
    <file name="u4688-63.png" crc="239311440" ref="phone>index"/>
    <file name="u4691.png" crc="402918406" ref="phone>index"/>
    <file name="u4691-r.png" crc="164376098" ref="phone>index"/>
    <file name="u4691-a.png" crc="339122198" ref="phone>index"/>
    <file name="wall_skreamer-u4696-fr.png" crc="297729240" ref="phone>index"/>
    <file name="u4705-4.png" crc="21182391" ref="phone>index"/>
    <file name="kingofcrowscover_200px.jpg" crc="4232706787" seo="true" ref="phone>index:tablet>index:index"/>
    <file name="blackenedearth_200px.jpg" crc="4179205190" seo="true" ref="phone>index:tablet>index:index"/>
    <file name="u4703-6.png" crc="4137534258" ref="phone>index"/>
    <file name="u4704-6.png" crc="215879145" ref="phone>index"/>
    <file name="u5719_states.png" crc="4134320515" ref="phone>index"/>
    <file name="u5719_states-r.png" crc="525193021" ref="phone>index"/>
    <file name="u4710-4.png" crc="4134398961" ref="phone>index"/>
    <file name="12373438_1163197177043302_115009699113643625_n-crop-u4891.jpg" crc="3859350662" ref="phone>index"/>
    <file name="12294786_1158413437521676_7171293834042629906_n-crop-u4855.jpg" crc="162658288" ref="phone>index"/>
    <file name="skreamer1-crop-u4815.jpg" crc="430420873" ref="phone>index"/>
    <file name="12065735_1124635594232794_398136679301907401_n-crop-u4809.jpg" crc="3873012992" ref="phone>index"/>
    <file name="skreamer7-crop-u4871.jpg" crc="171984373" ref="phone>index"/>
    <file name="11998820_1115111355185218_576120145295407743_n-crop-u4847.jpg" crc="4044948081" ref="phone>index"/>
    <file name="11402752_1057340424295645_8875461608156854931_n.jpg" crc="4099835571" seo="true" ref="phone>index:tablet>index:index"/>
    <file name="11330021_1045043912191963_6642163777939699611_n.jpg" crc="461185245" seo="true" ref="phone>index:tablet>index:index"/>
    <file name="11259500_1109145222448498_8475773367810736720_n.jpg" crc="4004703541" seo="true" ref="phone>index:tablet>index:index"/>
    <file name="11111051_1036957506333937_4914221945009726969_n-crop-u4883.jpg" crc="3864904924" ref="phone>index"/>
    <file name="11060100_1005339089495779_9037107938524678481_n-crop-u4805.jpg" crc="13379617" ref="phone>index"/>
    <file name="11053599_1021220807907607_4497968544540840014_n-crop-u4863.jpg" crc="133295763" ref="phone>index"/>
    <file name="11048744_1033549396674748_4947917399240099390_n.jpg" crc="482296375" seo="true" ref="phone>index:tablet>index:index"/>
    <file name="10687014_906365882726434_4092242934155231896_n-crop-u4879.jpg" crc="3961677239" ref="phone>index"/>
    <file name="10660332_912437078785981_6528649925627296896_n.jpg" crc="322890166" seo="true" ref="phone>index:tablet>index:index"/>
    <file name="10649431_936463279716694_6725616453860705049_n-crop-u4873.jpg" crc="123241326" ref="phone>index"/>
    <file name="10647245_970105899685765_6143152799704777104_n.jpg" crc="4052315343" seo="true" ref="phone>index:tablet>index:index"/>
    <file name="10646667_886074194755603_8460665343279150543_n-crop-u4819.jpg" crc="4174754665" ref="phone>index"/>
    <file name="10517546_923326681030354_5168163170341253740_n-crop-u4821.jpg" crc="494122727" ref="phone>index"/>
    <file name="10433151_848356828527340_8785308124516005073_n.jpg" crc="463440921" seo="true" ref="phone>index:tablet>index:index"/>
    <file name="10431460_1019660031397018_3751815027383976183_n-crop-u4865.jpg" crc="60985540" ref="phone>index"/>
    <file name="10393549_895644657131890_1174332733382660089_n-crop-u4841.jpg" crc="487905042" ref="phone>index"/>
    <file name="10368271_916416315054724_2666649285982936112_n.jpg" crc="120166632" seo="true" ref="phone>index:tablet>index:index"/>
    <file name="10351823_884288128267543_2921577867702226666_n.jpg" crc="3773662591" seo="true" ref="phone>index:tablet>index:index"/>
    <file name="10314026_819115708118119_1430338147824846058_n-crop-u4867.jpg" crc="3872217535" ref="phone>index"/>
    <file name="10154284_811031452259878_8870535392483268135_n.jpg" crc="4044571590" seo="true" ref="phone>index:tablet>index:index"/>
    <file name="10151159_802745676421789_5018364477980972494_n-crop-u4811.jpg" crc="4267518185" ref="phone>index"/>
    <file name="1911787_912436862119336_6451309916822059703_n.jpg" crc="3983587069" seo="true" ref="phone>index:tablet>index:index"/>
    <file name="1525693_749481968414827_745475730_n.jpg" crc="3822675280" seo="true" ref="phone>index:tablet>index:index"/>
    <file name="1476300_726610587368632_628452167_n.jpg" crc="266722384" seo="true" ref="phone>index:tablet>index:index"/>
    <file name="1450934_969617613067927_1461856209454842250_n-crop-u4807.jpg" crc="294697098" ref="phone>index"/>
    <file name="1381628_691033184259706_628693415_n.jpg" crc="3967970786" seo="true" ref="phone>index:tablet>index:index"/>
    <file name="1237158_675535729142785_1186281394_n-crop-u4845.jpg" crc="473966454" ref="phone>index"/>
    <file name="419406_377438782285816_2096434155_n-crop-u4857.jpg" crc="364025367" ref="phone>index"/>
    <file name="1229851_670836069612751_1310582385_n.jpg" crc="67851258" seo="true" ref="phone>index:tablet>index:index"/>
    <file name="1173589_788508571178833_380552421_n.jpg" crc="3840343888" seo="true" ref="phone>index:tablet>index:index"/>
    <file name="530670_524485997581093_2127142687_n-crop-u4889.jpg" crc="79285813" ref="phone>index"/>
    <file name="75000_654951564534535_1738749119_n-crop-u4817.jpg" crc="145428326" ref="phone>index"/>
    <file name="1001664_646702755359416_827415681_n-crop-u4827.jpg" crc="3773729728" ref="phone>index"/>
    <file name="993367_665482846814740_636759936_n.jpg" crc="3943756646" seo="true" ref="phone>index:tablet>index:index"/>
    <file name="969549_627848277244864_1556356709_n.jpg" crc="467629349" seo="true" ref="phone>index:tablet>index:index"/>
    <file name="10599629_1040388715990816_6153004831334896177_n-crop-u4831.jpg" crc="4134337184" ref="phone>index"/>
    <file name="10931175_1061228260573528_2606067060049635973_n289x289.jpg" crc="3782306603" seo="true" ref="phone>index"/>
    <file name="1919059_1182039411825745_8449535705358383326_n335x335.jpg" crc="4061921144" seo="true" ref="phone>index"/>
    <file name="12373438_1163197177043302_115009699113643625_n96x54.jpg" crc="492641002" seo="true" ref="phone>index"/>
    <file name="12294786_1158413437521676_7171293834042629906_n93x70.jpg" crc="4208412219" seo="true" ref="phone>index"/>
    <file name="skreamer190x60.jpg" crc="4128885506" seo="true" ref="phone>index"/>
    <file name="12065735_1124635594232794_398136679301907401_n104x59.jpg" crc="4243223020" seo="true" ref="phone>index"/>
    <file name="skreamer796x64.jpg" crc="204032425" seo="true" ref="phone>index"/>
    <file name="11998820_1115111355185218_576120145295407743_n104x59.jpg" crc="4253324150" seo="true" ref="phone>index"/>
    <file name="11402752_1057340424295645_8875461608156854931_n54x72.jpg" crc="467082344" seo="true" ref="phone>index"/>
    <file name="11330021_1045043912191963_6642163777939699611_n72x72.jpg" crc="506830878" seo="true" ref="phone>index"/>
    <file name="11259500_1109145222448498_8475773367810736720_n72x72.jpg" crc="22249659" seo="true" ref="phone>index"/>
    <file name="11111051_1036957506333937_4914221945009726969_n96x72.jpg" crc="498502624" seo="true" ref="phone>index"/>
    <file name="11060100_1005339089495779_9037107938524678481_n97x72.jpg" crc="28124572" seo="true" ref="phone>index"/>
    <file name="11053599_1021220807907607_4497968544540840014_n104x70.jpg" crc="3838451094" seo="true" ref="phone>index"/>
    <file name="11048744_1033549396674748_4947917399240099390_n72x72.jpg" crc="139382975" seo="true" ref="phone>index"/>
    <file name="10687014_906365882726434_4092242934155231896_n104x70.jpg" crc="4194539784" seo="true" ref="phone>index"/>
    <file name="10660332_912437078785981_6528649925627296896_n76x72.jpg" crc="4134494525" seo="true" ref="phone>index"/>
    <file name="10649431_936463279716694_6725616453860705049_n96x72.jpg" crc="300408814" seo="true" ref="phone>index"/>
    <file name="10647245_970105899685765_6143152799704777104_n54x72.jpg" crc="144094488" seo="true" ref="phone>index"/>
    <file name="10646667_886074194755603_8460665343279150543_n96x72.jpg" crc="4278998763" seo="true" ref="phone>index"/>
    <file name="10517546_923326681030354_5168163170341253740_n96x72.jpg" crc="3994118955" seo="true" ref="phone>index"/>
    <file name="10431460_1019660031397018_3751815027383976183_n104x57.jpg" crc="3854572711" seo="true" ref="phone>index"/>
    <file name="10393549_895644657131890_1174332733382660089_n96x72.jpg" crc="346609965" seo="true" ref="phone>index"/>
    <file name="10368271_916416315054724_2666649285982936112_n58x72.jpg" crc="483703302" seo="true" ref="phone>index"/>
    <file name="10351823_884288128267543_2921577867702226666_n71x72.jpg" crc="3987954157" seo="true" ref="phone>index"/>
    <file name="10314026_819115708118119_1430338147824846058_n82x72.jpg" crc="43564042" seo="true" ref="phone>index"/>
    <file name="10154284_811031452259878_8870535392483268135_n72x72.jpg" crc="3924824527" seo="true" ref="phone>index"/>
    <file name="10151159_802745676421789_5018364477980972494_n96x72.jpg" crc="466358384" seo="true" ref="phone>index"/>
    <file name="1911787_912436862119336_6451309916822059703_n76x72.jpg" crc="3914150314" seo="true" ref="phone>index"/>
    <file name="1525693_749481968414827_745475730_n72x72.jpg" crc="3840639343" seo="true" ref="phone>index"/>
    <file name="1450934_969617613067927_1461856209454842250_n104x70.jpg" crc="274778186" seo="true" ref="phone>index"/>
    <file name="1237158_675535729142785_1186281394_n104x70.jpg" crc="359849854" seo="true" ref="phone>index"/>
    <file name="419406_377438782285816_2096434155_n104x70.jpg" crc="399204660" seo="true" ref="phone>index"/>
    <file name="530670_524485997581093_2127142687_n96x72.jpg" crc="4140926777" seo="true" ref="phone>index"/>
    <file name="75000_654951564534535_1738749119_n96x72.jpg" crc="521462869" seo="true" ref="phone>index"/>
    <file name="1001664_646702755359416_827415681_n96x72.jpg" crc="3930950655" seo="true" ref="phone>index"/>
    <file name="993367_665482846814740_636759936_n72x72.jpg" crc="261101720" seo="true" ref="phone>index"/>
    <file name="969549_627848277244864_1556356709_n54x72.jpg" crc="444487366" seo="true" ref="phone>index"/>
    <file name="10599629_1040388715990816_6153004831334896177_n96x72.jpg" crc="4217203633" seo="true" ref="phone>index"/>
    <file name="10931175_1061228260573528_2606067060049635973_n72x72.jpg" crc="4123726262" seo="true" ref="phone>index"/>
    <file name="1919059_1182039411825745_8449535705358383326_n72x72.jpg" crc="4201960855" seo="true" ref="phone>index"/>
    <file name="loading.gif" crc="3815509949" ref="phone>index:tablet>index:index"/>
    <file name="pigfeed.jpg" crc="104677943" seo="true" ref="phone>index:tablet>index:index"/>
    <file name="badtrip.jpg" crc="480336932" seo="true" ref="phone>index:tablet>index:index"/>
    <file name="blackenedearth.jpg" crc="4084314670" seo="true" ref="phone>index:tablet>index:index"/>
    <file name="letemburn.jpg" crc="4004110056" seo="true" ref="phone>index:tablet>index:index"/>
    <file name="safehouse.jpg" crc="84641768" seo="true" ref="phone>index:tablet>index:index"/>
    <file name="time.jpg" crc="3829521189" seo="true" ref="phone>index:tablet>index:index"/>
    <file name="u5460-4.png" crc="527219914" ref="phone>index"/>
    <file name="u5466-4.png" crc="3899816932" ref="phone>index"/>
    <file name="u5451.png" crc="124336930" ref="phone>index"/>
    <file name="u5451-ferr.png" crc="134010942" ref="phone>index"/>
    <file name="u5457.png" crc="4150835777" ref="phone>index"/>
    <file name="u5457-ferr.png" crc="3869807529" ref="phone>index"/>
    <file name="u5458-fss.png" crc="4160010788" ref="phone>index"/>
    <file name="u5459-17.png" crc="3884525009" ref="phone>index"/>
    <file name="u5459-17-r.png" crc="209358408" ref="phone>index"/>
    <file name="u5459-17-m.png" crc="506618460" ref="phone>index"/>
    <file name="u5459-17-fs.png" crc="3937157615" ref="phone>index"/>
    <file name="u5467-4.png" crc="3818694579" ref="phone>index"/>
    <file name="u5596-6.png" crc="4103488005" ref="phone>index"/>
    <file name="u5461-3.png" crc="3973028700" ref="phone>index"/>
    <file name="u5471-4.png" crc="235735722" ref="phone>index"/>
    <file name="u5469-4.png" crc="4247491422" ref="phone>index"/>
    <file name="u5470_states.png" crc="4097006771" ref="phone>index"/>
    <file name="u5470_states-r.png" crc="3831874666" ref="phone>index"/>
    <file name="skreamer_888_small-u4356-fr.jpg" crc="3957785261" ref="tablet>index"/>
    <file name="u4358_states.png" crc="474690798" ref="tablet>index"/>
    <file name="u4358_states-r.png" crc="222232976" ref="tablet>index"/>
    <file name="u4358_states-a.png" crc="433984852" ref="tablet>index"/>
    <file name="u4359_states.png" crc="3869801948" ref="tablet>index"/>
    <file name="u4359_states-r.png" crc="4153134642" ref="tablet>index"/>
    <file name="u4359_states-a.png" crc="3810247889" ref="tablet>index"/>
    <file name="u4360_states.png" crc="527219914" ref="tablet>index"/>
    <file name="u4360_states-r.png" crc="4015154377" ref="tablet>index"/>
    <file name="u4360_states-a.png" crc="162431606" ref="tablet>index"/>
    <file name="u4361_states.png" crc="4065022039" ref="tablet>index"/>
    <file name="u4361_states-r.png" crc="291504018" ref="tablet>index"/>
    <file name="u4361_states-a.png" crc="4045096364" ref="tablet>index"/>
    <file name="u4362_states.png" crc="4271673786" ref="tablet>index"/>
    <file name="u4362_states-r.png" crc="492706333" ref="tablet>index"/>
    <file name="u4363_states.png" crc="4012375605" ref="tablet>index"/>
    <file name="u4363_states-r.png" crc="506458126" ref="tablet>index"/>
    <file name="u4363_states-a.png" crc="190265229" ref="tablet>index"/>
    <file name="skreamer_band.jpg" crc="4086667592" ref="tablet>index"/>
    <file name="slate-background-1280px-90dpi-webop.jpg" crc="484341030" ref="tablet>index:index"/>
    <file name="u3879-4.png" crc="436479500" ref="tablet>index"/>
    <file name="u3880-4.png" crc="20150602" ref="tablet>index"/>
    <file name="slate-background-1280px-90dpi-webop2.jpg" crc="484341030" ref="tablet>index:index"/>
    <file name="u3881-4.png" crc="325916481" ref="tablet>index"/>
    <file name="u3969-12.png" crc="406820443" ref="tablet>index"/>
    <file name="u3902-4.png" crc="3798898598" ref="tablet>index"/>
    <file name="u3895-4.png" crc="107225717" ref="tablet>index"/>
    <file name="u3892.png" crc="510334262" ref="tablet>index"/>
    <file name="u3892-r.png" crc="3930606582" ref="tablet>index"/>
    <file name="u3892-a.png" crc="4139129554" ref="tablet>index"/>
    <file name="u3906-6.png" crc="372536512" ref="tablet>index"/>
    <file name="u3913.png" crc="95179565" ref="tablet>index"/>
    <file name="u3913-r.png" crc="3911569788" ref="tablet>index"/>
    <file name="u3913-a.png" crc="3759044917" ref="tablet>index"/>
    <file name="u3926-8.png" crc="459739512" ref="tablet>index"/>
    <file name="u3923.png" crc="205886534" ref="tablet>index"/>
    <file name="u3923-r.png" crc="285064787" ref="tablet>index"/>
    <file name="u3923-a.png" crc="106209212" ref="tablet>index"/>
    <file name="u3932-66.png" crc="4145952465" ref="tablet>index"/>
    <file name="u3941.png" crc="103304671" ref="tablet>index"/>
    <file name="u3941-r.png" crc="3952219748" ref="tablet>index"/>
    <file name="u3941-a.png" crc="414106867" ref="tablet>index"/>
    <file name="u3954-27.png" crc="4065838180" ref="tablet>index"/>
    <file name="u3949.png" crc="3832658481" ref="tablet>index"/>
    <file name="u3949-r.png" crc="481842071" ref="tablet>index"/>
    <file name="u3949-a.png" crc="3985210206" ref="tablet>index"/>
    <file name="u3965-63.png" crc="239311440" ref="tablet>index"/>
    <file name="u3958.png" crc="402918406" ref="tablet>index"/>
    <file name="u3958-r.png" crc="164376098" ref="tablet>index"/>
    <file name="u3958-a.png" crc="339122198" ref="tablet>index"/>
    <file name="wall_skreamer-u3979-fr.png" crc="297729240" ref="tablet>index:index"/>
    <file name="u3988-4.png" crc="21182391" ref="tablet>index"/>
    <file name="u3986-6.png" crc="4137534258" ref="tablet>index"/>
    <file name="u3987-6.png" crc="215879145" ref="tablet>index"/>
    <file name="u5707_states.png" crc="4134320515" ref="tablet>index"/>
    <file name="u5707_states-r.png" crc="525193021" ref="tablet>index"/>
    <file name="u3991-4.png" crc="4134398961" ref="tablet>index"/>
    <file name="12373438_1163197177043302_115009699113643625_n.jpg" crc="13791908" seo="true" ref="tablet>index:index"/>
    <file name="12294786_1158413437521676_7171293834042629906_n.jpg" crc="60797442" seo="true" ref="tablet>index:index"/>
    <file name="skreamer1.jpg" crc="52779608" seo="true" ref="tablet>index:index"/>
    <file name="12065735_1124635594232794_398136679301907401_n.jpg" crc="16366357" seo="true" ref="tablet>index:index"/>
    <file name="skreamer7.jpg" crc="445392914" seo="true" ref="tablet>index:index"/>
    <file name="11998820_1115111355185218_576120145295407743_n.jpg" crc="3929883378" seo="true" ref="tablet>index:index"/>
    <file name="11111051_1036957506333937_4914221945009726969_n.jpg" crc="3916679768" seo="true" ref="tablet>index:index"/>
    <file name="11060100_1005339089495779_9037107938524678481_n.jpg" crc="362559046" seo="true" ref="tablet>index:index"/>
    <file name="11053599_1021220807907607_4497968544540840014_n.jpg" crc="164273126" seo="true" ref="tablet>index:index"/>
    <file name="10687014_906365882726434_4092242934155231896_n.jpg" crc="4075186820" seo="true" ref="tablet>index:index"/>
    <file name="10649431_936463279716694_6725616453860705049_n.jpg" crc="230785555" seo="true" ref="tablet>index:index"/>
    <file name="10646667_886074194755603_8460665343279150543_n.jpg" crc="322599221" seo="true" ref="tablet>index:index"/>
    <file name="10517546_923326681030354_5168163170341253740_n.jpg" crc="256451022" seo="true" ref="tablet>index:index"/>
    <file name="10431460_1019660031397018_3751815027383976183_n.jpg" crc="37184812" seo="true" ref="tablet>index:index"/>
    <file name="10393549_895644657131890_1174332733382660089_n.jpg" crc="4027265350" seo="true" ref="tablet>index:index"/>
    <file name="10314026_819115708118119_1430338147824846058_n.jpg" crc="4240858008" seo="true" ref="tablet>index:index"/>
    <file name="10151159_802745676421789_5018364477980972494_n.jpg" crc="3759777600" seo="true" ref="tablet>index:index"/>
    <file name="1450934_969617613067927_1461856209454842250_n.jpg" crc="3431988" seo="true" ref="tablet>index:index"/>
    <file name="1237158_675535729142785_1186281394_n.jpg" crc="4182346965" seo="true" ref="tablet>index:index"/>
    <file name="419406_377438782285816_2096434155_n.jpg" crc="4071026261" seo="true" ref="tablet>index:index"/>
    <file name="530670_524485997581093_2127142687_n.jpg" crc="504087152" seo="true" ref="tablet>index:index"/>
    <file name="75000_654951564534535_1738749119_n.jpg" crc="201681626" seo="true" ref="tablet>index:index"/>
    <file name="1001664_646702755359416_827415681_n.jpg" crc="111111949" seo="true" ref="tablet>index:index"/>
    <file name="10599629_1040388715990816_6153004831334896177_n.jpg" crc="3866398852" seo="true" ref="tablet>index:index"/>
    <file name="10931175_1061228260573528_2606067060049635973_n.jpg" crc="3989533462" seo="true" ref="tablet>index:index"/>
    <file name="1919059_1182039411825745_8449535705358383326_n.jpg" crc="444300091" seo="true" ref="tablet>index:index"/>
    <file name="king_of_crows.jpg" crc="293423374" seo="true" ref="tablet>index:index"/>
    <file name="u4343-4.png" crc="527219914" ref="tablet>index"/>
    <file name="u4351-4.png" crc="3899816932" ref="tablet>index"/>
    <file name="u4352-4.png" crc="4270217139" ref="tablet>index"/>
    <file name="u4344-6.png" crc="4103488005" ref="tablet>index"/>
    <file name="u4345-3.png" crc="3973028700" ref="tablet>index"/>
    <file name="u4332.png" crc="124336930" ref="tablet>index"/>
    <file name="u4332-ferr.png" crc="134010942" ref="tablet>index"/>
    <file name="u4340.png" crc="4150835777" ref="tablet>index"/>
    <file name="u4340-ferr.png" crc="3869807529" ref="tablet>index"/>
    <file name="u4337-fss.png" crc="4160010788" ref="tablet>index"/>
    <file name="u4330-17.png" crc="3884525009" ref="tablet>index"/>
    <file name="u4330-17-r.png" crc="209358408" ref="tablet>index"/>
    <file name="u4330-17-m.png" crc="506618460" ref="tablet>index"/>
    <file name="u4330-17-fs.png" crc="3937157615" ref="tablet>index"/>
    <file name="u4342-4.png" crc="4247491422" ref="tablet>index"/>
    <file name="u4346_states.png" crc="4097006771" ref="tablet>index"/>
    <file name="u4346_states-r.png" crc="3831874666" ref="tablet>index"/>
    <file name="u4353-4.png" crc="235735722" ref="tablet>index"/>
    <file name="u1449_states.png" crc="344788426" ref="index"/>
    <file name="u1449_states-r.png" crc="4276189582" ref="index"/>
    <file name="u1449_states-a.png" crc="402376900" ref="index"/>
    <file name="u1452_states.png" crc="325916481" ref="index"/>
    <file name="u1452_states-r.png" crc="192678347" ref="index"/>
    <file name="u1452_states-a.png" crc="3875339718" ref="index"/>
    <file name="u1455_states.png" crc="21182391" ref="index"/>
    <file name="u1455_states-r.png" crc="387223037" ref="index"/>
    <file name="u1455_states-a.png" crc="3805261163" ref="index"/>
    <file name="u1450_states.png" crc="3869801948" ref="index"/>
    <file name="u1450_states-r.png" crc="4153134642" ref="index"/>
    <file name="u1450_states-a.png" crc="3810247889" ref="index"/>
    <file name="u1454_states.png" crc="4061488684" ref="index"/>
    <file name="u1454_states-r.png" crc="18283942" ref="index"/>
    <file name="u1451_states.png" crc="527219914" ref="index"/>
    <file name="u1451_states-r.png" crc="4015154377" ref="index"/>
    <file name="u1451_states-a.png" crc="162431606" ref="index"/>
    <file name="skreamer_large.jpg" crc="3920318556" seo="true" ref="index"/>
    <file name="skreamer_band2.jpg" crc="521312370" seo="true" ref="index"/>
    <file name="u761-4.png" crc="436479500" ref="index"/>
    <file name="u762-4.png" crc="279438328" ref="index"/>
    <file name="u798-4.png" crc="325916481" ref="index"/>
    <file name="u1575-4.png" crc="3798898598" ref="index"/>
    <file name="u1541-4.png" crc="107225717" ref="index"/>
    <file name="u1538.png" crc="510334262" ref="index"/>
    <file name="u1538-r.png" crc="3930606582" ref="index"/>
    <file name="u1538-a.png" crc="4139129554" ref="index"/>
    <file name="u1584-6.png" crc="372536512" ref="index"/>
    <file name="u1581.png" crc="95179565" ref="index"/>
    <file name="u1581-r.png" crc="3911569788" ref="index"/>
    <file name="u1581-a.png" crc="3759044917" ref="index"/>
    <file name="u1608-8.png" crc="459739512" ref="index"/>
    <file name="u1611.png" crc="205886534" ref="index"/>
    <file name="u1611-r.png" crc="285064787" ref="index"/>
    <file name="u1611-a.png" crc="106209212" ref="index"/>
    <file name="u2359-66.png" crc="4145952465" ref="index"/>
    <file name="u2362.png" crc="103304671" ref="index"/>
    <file name="u2362-r.png" crc="3952219748" ref="index"/>
    <file name="u2362-a.png" crc="414106867" ref="index"/>
    <file name="u2370-27.png" crc="4065838180" ref="index"/>
    <file name="u2377.png" crc="3832658481" ref="index"/>
    <file name="u2377-r.png" crc="481842071" ref="index"/>
    <file name="u2377-a.png" crc="3985210206" ref="index"/>
    <file name="u2388-63.png" crc="239311440" ref="index"/>
    <file name="u2385.png" crc="402918406" ref="index"/>
    <file name="u2385-r.png" crc="164376098" ref="index"/>
    <file name="u2385-a.png" crc="339122198" ref="index"/>
    <file name="u2475-12.png" crc="355471218" ref="index"/>
    <file name="u845-4.png" crc="4134398961" ref="index"/>
    <file name="u797-4.png" crc="21182391" ref="index"/>
    <file name="skreamer189x59.jpg" crc="4128885506" seo="true" ref="index"/>
    <file name="u5708_states.png" crc="4134320515" ref="index"/>
    <file name="u5708_states-r.png" crc="525193021" ref="index"/>
    <file name="u793-6.png" crc="4137534258" ref="index"/>
    <file name="u794-6.png" crc="215879145" ref="index"/>
    <file name="u846-4.png" crc="527219914" ref="index"/>
    <file name="u2473-4.png" crc="3899816932" ref="index"/>
    <file name="u2476-4.png" crc="117730446" ref="index"/>
    <file name="u980-6.png" crc="4103488005" ref="index"/>
    <file name="u1225-3.png" crc="3973028700" ref="index"/>
    <file name="u823.png" crc="124336930" ref="index"/>
    <file name="u823-ferr.png" crc="134010942" ref="index"/>
    <file name="u830.png" crc="4150835777" ref="index"/>
    <file name="u830-ferr.png" crc="3869807529" ref="index"/>
    <file name="u826-fss.png" crc="4160010788" ref="index"/>
    <file name="u836-17.png" crc="3884525009" ref="index"/>
    <file name="u836-17-r.png" crc="209358408" ref="index"/>
    <file name="u836-17-m.png" crc="506618460" ref="index"/>
    <file name="u836-17-fs.png" crc="3937157615" ref="index"/>
    <file name="u842-4.png" crc="4247491422" ref="index"/>
    <file name="u1447_states.png" crc="4097006771" ref="index"/>
    <file name="u1447_states-r.png" crc="3831874666" ref="index"/>
    <file name="u2502-4.png" crc="235735722" ref="index"/>
  </folder>
  <folder name="tablet">
    <folder name="css">
      <file name="index.css" crc="423207725" ref="tablet>index"/>
    </folder>
    <file name="index.html" crc="326191332" seo="true" mt="1476741228147" redirect="true"/>
  </folder>
  <folder name="phone">
    <folder name="css">
      <file name="index.css" crc="383970348" ref="phone>index"/>
    </folder>
    <file name="index.html" crc="3933032066" seo="true" mt="1476741222672" redirect="true"/>
  </folder>
  <file name="index.html" crc="483939707" seo="true" mt="1476741233039" redirect="true"/>
</manifest>